{
  "Right Option Key Sends" : 0,
  "Tags" : [

  ],
  "Ansi 12 Color" : {
    "Red Component" : 0.54901960784313997,
    "Color Space" : "sRGB",
    "Blue Component" : 1,
    "Green Component" : 0.71372549019608
  },
  "Ansi 6 Color" : {
    "Red Component" : 0.20000000000000001,
    "Color Space" : "sRGB",
    "Blue Component" : 1,
    "Green Component" : 0.69411764705881995
  },
  "Draw Powerline Glyphs" : false,
  "Bold Color" : {
    "Red Component" : 0.94901960784313999,
    "Color Space" : "sRGB",
    "Blue Component" : 0.97254901960784002,
    "Green Component" : 0.95686274509804004
  },
  "Ansi 7 Color" : {
    "Red Component" : 0.87450980392156996,
    "Color Space" : "sRGB",
    "Blue Component" : 0.87843137254902004,
    "Green Component" : 0.87450980392156996
  },
  "Ansi 8 Color" : {
    "Red Component" : 0.28235294117646997,
    "Color Space" : "sRGB",
    "Blue Component" : 0.28235294117646997,
    "Green Component" : 0.28235294117646997
  },
  "Ansi 9 Color" : {
    "Red Component" : 0.94509803921569002,
    "Color Space" : "sRGB",
    "Blue Component" : 0.65098039215685999,
    "Green Component" : 0.42745098039216001
  },
  "Rows" : 40,
  "Default Bookmark" : "No",
  "Ansi 4 Color" : {
    "Red Component" : 0.47058823529412003,
    "Color Space" : "sRGB",
    "Blue Component" : 1,
    "Green Component" : 0.66274509803921999
  },
  "Ansi 5 Color" : {
    "Red Component" : 0.74509803921568996,
    "Color Space" : "sRGB",
    "Blue Component" : 1,
    "Green Component" : 0.5843137254902
  },
  "Cursor Guide Color" : {
    "Red Component" : 0.70214027166366577,
    "Color Space" : "sRGB",
    "Blue Component" : 1,
    "Alpha Component" : 0.25,
    "Green Component" : 0.92681378126144409
  },
  "Non-ASCII Anti Aliased" : true,
  "Use Bright Bold" : true,
  "Ansi 10 Color" : {
    "Red Component" : 0.27450980392156998,
    "Color Space" : "sRGB",
    "Blue Component" : 0.50196078431373004,
    "Green Component" : 0.78431372549019995
  },
  "Ambiguous Double Width" : false,
  "Jobs to Ignore" : [
    "rlogin",
    "ssh",
    "slogin",
    "telnet"
  ],
  "Ansi 15 Color" : {
    "Red Component" : 0.89411764705882002,
    "Color Space" : "sRGB",
    "Blue Component" : 0.89803921568626999,
    "Green Component" : 0.89411764705882002
  },
  "Foreground Color" : {
    "Red Component" : 0.94901960784313999,
    "Color Space" : "sRGB",
    "Blue Component" : 0.97254901960784002,
    "Green Component" : 0.95686274509804004
  },
  "Bound Hosts" : [

  ],
  "Working Directory" : "\/Users\/andrew",
  "Blinking Cursor" : false,
  "Disable Window Resizing" : true,
  "Sync Title" : false,
  "Prompt Before Closing 2" : false,
  "BM Growl" : true,
  "Command" : "",
  "Description" : "Default",
  "Mouse Reporting" : true,
  "Screen" : -1,
  "Selection Color" : {
    "Red Component" : 0.16470588235294001,
    "Color Space" : "sRGB",
    "Blue Component" : 0.16470588235294001,
    "Green Component" : 0.16470588235294001
  },
  "Columns" : 120,
  "Idle Code" : 0,
  "Ansi 13 Color" : {
    "Red Component" : 0.78431372549019995,
    "Color Space" : "sRGB",
    "Blue Component" : 1,
    "Green Component" : 0.64705882352941002
  },
  "Custom Command" : "No",
  "ASCII Anti Aliased" : true,
  "Non Ascii Font" : "Monaco 12",
  "Vertical Spacing" : 1,
  "Use Bold Font" : true,
  "Option Key Sends" : 0,
  "Selected Text Color" : {
    "Red Component" : 0.94901960784313999,
    "Color Space" : "sRGB",
    "Blue Component" : 0.97254901960784002,
    "Green Component" : 0.95686274509804004
  },
  "Background Color" : {
    "Red Component" : 0.086274509803921998,
    "Color Space" : "sRGB",
    "Blue Component" : 0.086274509803921998,
    "Green Component" : 0.086274509803921998
  },
  "Character Encoding" : 4,
  "Ansi 11 Color" : {
    "Red Component" : 0.17647058823528999,
    "Color Space" : "sRGB",
    "Blue Component" : 0.76862745098038998,
    "Green Component" : 0.78039215686274999
  },
  "Use Italic Font" : true,
  "Unlimited Scrollback" : false,
  "Keyboard Map" : {
    "0xf700-0x260000" : {
      "Action" : 10,
      "Text" : "[1;6A"
    },
    "0x37-0x40000" : {
      "Action" : 11,
      "Text" : "0x1f"
    },
    "0x32-0x40000" : {
      "Action" : 11,
      "Text" : "0x00"
    },
    "0xf709-0x20000" : {
      "Action" : 10,
      "Text" : "[17;2~"
    },
    "0xf70c-0x20000" : {
      "Action" : 10,
      "Text" : "[20;2~"
    },
    "0xf729-0x20000" : {
      "Action" : 10,
      "Text" : "[1;2H"
    },
    "0xf72b-0x40000" : {
      "Action" : 10,
      "Text" : "[1;5F"
    },
    "0xf705-0x20000" : {
      "Action" : 10,
      "Text" : "[1;2Q"
    },
    "0xf703-0x260000" : {
      "Action" : 10,
      "Text" : "[1;6C"
    },
    "0xf700-0x220000" : {
      "Action" : 10,
      "Text" : "[1;2A"
    },
    "0xf701-0x280000" : {
      "Action" : 11,
      "Text" : "0x1b 0x1b 0x5b 0x42"
    },
    "0x38-0x40000" : {
      "Action" : 11,
      "Text" : "0x7f"
    },
    "0x33-0x40000" : {
      "Action" : 11,
      "Text" : "0x1b"
    },
    "0xf703-0x220000" : {
      "Action" : 10,
      "Text" : "[1;2C"
    },
    "0xf701-0x240000" : {
      "Action" : 10,
      "Text" : "[1;5B"
    },
    "0xf70d-0x20000" : {
      "Action" : 10,
      "Text" : "[21;2~"
    },
    "0xf702-0x260000" : {
      "Action" : 10,
      "Text" : "[1;6D"
    },
    "0xf729-0x40000" : {
      "Action" : 10,
      "Text" : "[1;5H"
    },
    "0xf706-0x20000" : {
      "Action" : 10,
      "Text" : "[1;2R"
    },
    "0x34-0x40000" : {
      "Action" : 11,
      "Text" : "0x1c"
    },
    "0xf700-0x280000" : {
      "Action" : 11,
      "Text" : "0x1b 0x1b 0x5b 0x41"
    },
    "0x2d-0x40000" : {
      "Action" : 11,
      "Text" : "0x1f"
    },
    "0xf70e-0x20000" : {
      "Action" : 10,
      "Text" : "[23;2~"
    },
    "0xf702-0x220000" : {
      "Action" : 10,
      "Text" : "[1;2D"
    },
    "0xf703-0x280000" : {
      "Action" : 11,
      "Text" : "0x1b 0x1b 0x5b 0x43"
    },
    "0xf700-0x240000" : {
      "Action" : 10,
      "Text" : "[1;5A"
    },
    "0xf707-0x20000" : {
      "Action" : 10,
      "Text" : "[1;2S"
    },
    "0xf70a-0x20000" : {
      "Action" : 10,
      "Text" : "[18;2~"
    },
    "0x35-0x40000" : {
      "Action" : 11,
      "Text" : "0x1d"
    },
    "0xf70f-0x20000" : {
      "Action" : 10,
      "Text" : "[24;2~"
    },
    "0xf703-0x240000" : {
      "Action" : 10,
      "Text" : "[1;5C"
    },
    "0xf701-0x260000" : {
      "Action" : 10,
      "Text" : "[1;6B"
    },
    "0xf702-0x280000" : {
      "Action" : 11,
      "Text" : "0x1b 0x1b 0x5b 0x44"
    },
    "0xf72b-0x20000" : {
      "Action" : 10,
      "Text" : "[1;2F"
    },
    "0x36-0x40000" : {
      "Action" : 11,
      "Text" : "0x1e"
    },
    "0xf708-0x20000" : {
      "Action" : 10,
      "Text" : "[15;2~"
    },
    "0xf701-0x220000" : {
      "Action" : 10,
      "Text" : "[1;2B"
    },
    "0xf70b-0x20000" : {
      "Action" : 10,
      "Text" : "[19;2~"
    },
    "0xf702-0x240000" : {
      "Action" : 10,
      "Text" : "[1;5D"
    },
    "0xf704-0x20000" : {
      "Action" : 10,
      "Text" : "[1;2P"
    }
  },
  "Window Type" : 0,
  "Background Image Location" : "",
  "Blur" : false,
  "Badge Color" : {
    "Red Component" : 1,
    "Color Space" : "sRGB",
    "Blue Component" : 0,
    "Alpha Component" : 0.5,
    "Green Component" : 0.14910027384757996
  },
  "Scrollback Lines" : 1000,
  "Send Code When Idle" : false,
  "Close Sessions On End" : true,
  "Terminal Type" : "xterm-256color",
  "Visual Bell" : true,
  "Flashing Bell" : false,
  "Silence Bell" : false,
  "Ansi 14 Color" : {
    "Red Component" : 0.32156862745098003,
    "Color Space" : "sRGB",
    "Blue Component" : 1,
    "Green Component" : 0.74117647058823999
  },
  "Name" : "Andrew Default",
  "Cursor Text Color" : {
    "Red Component" : 0.086274509803921998,
    "Color Space" : "sRGB",
    "Blue Component" : 0.086274509803921998,
    "Green Component" : 0.086274509803921998
  },
  "Shortcut" : "",